candidate_id,period,prediction_count,first_target_date,last_target_date,log_loss,brier,mean_matches,calibration_error,mean_true_number_rank,regret_vs_uniform
uniform,aggregate,1878,2014-01-01,2025-12-31,0.32954410516013694,0.09162848812994585,0.5095846645367412,0.0,25.0,-5.551115123125783e-17
uniform,2014,157,2014-01-01,2014-12-31,0.329544105160137,0.09162848812994584,0.5286624203821656,1.3877787807814457e-17,25.0,0.0
uniform,2015,156,2015-01-03,2015-12-30,0.329544105160137,0.09162848812994584,0.4935897435897436,2.7755575615628914e-17,25.0,0.0
uniform,2016,157,2016-01-02,2016-12-31,0.32954410516013694,0.09162848812994585,0.5732484076433121,1.3877787807814457e-17,25.0,-5.551115123125783e-17
uniform,2017,156,2017-01-02,2017-12-30,0.329544105160137,0.09162848812994584,0.46153846153846156,2.7755575615628914e-17,25.0,0.0
uniform,2018,157,2018-01-01,2018-12-31,0.329544105160137,0.09162848812994584,0.5095541401273885,1.3877787807814457e-17,25.0,0.0
uniform,2019,155,2019-01-02,2019-12-30,0.32954410516013694,0.09162848812994585,0.5096774193548387,2.7755575615628914e-17,25.0,-5.551115123125783e-17
uniform,2020,157,2020-01-01,2020-12-30,0.329544105160137,0.09162848812994585,0.4713375796178344,1.3877787807814457e-17,25.0,0.0
uniform,2021,156,2021-01-02,2021-12-29,0.329544105160137,0.09162848812994584,0.47435897435897434,2.7755575615628914e-17,25.0,0.0
uniform,2022,157,2022-01-01,2022-12-31,0.32954410516013694,0.09162848812994585,0.4840764331210191,1.3877787807814457e-17,25.0,-5.551115123125783e-17
uniform,2023,156,2023-01-02,2023-12-30,0.329544105160137,0.09162848812994584,0.5256410256410257,2.7755575615628914e-17,25.0,0.0
uniform,2024,157,2024-01-01,2024-12-30,0.329544105160137,0.09162848812994585,0.5095541401273885,1.3877787807814457e-17,25.0,0.0
uniform,2025,157,2025-01-01,2025-12-31,0.32954410516013694,0.09162848812994585,0.5732484076433121,1.3877787807814457e-17,25.0,-5.551115123125783e-17
cumulative_frequency_alpha=1.0,aggregate,1878,2014-01-01,2025-12-31,0.329951523377674,0.0917026889628144,0.5250266240681576,0.007000915117387527,25.243503727369543,0.00040741821753703666
cumulative_frequency_alpha=1.0,2014,157,2014-01-01,2014-12-31,0.3299709571360366,0.0917050270388438,0.535031847133758,0.006282811981066282,24.66815286624204,0.00042685197589958923
cumulative_frequency_alpha=1.0,2015,156,2015-01-03,2015-12-30,0.33037466756706335,0.09178076128406765,0.5128205128205128,0.010368328025448783,25.351282051282052,0.0008305624069263606
cumulative_frequency_alpha=1.0,2016,157,2016-01-02,2016-12-31,0.330141542786453,0.09173178077225315,0.554140127388535,0.007702969943779749,25.33312101910828,0.000597437626316033
cumulative_frequency_alpha=1.0,2017,156,2017-01-02,2017-12-30,0.33005370509062454,0.09172113325308802,0.5384615384615384,0.008876476911274581,25.475,0.0005095999304875476
cumulative_frequency_alpha=1.0,2018,157,2018-01-01,2018-12-31,0.3296832668318708,0.09165534506981791,0.5477707006369427,0.00580525426477582,24.695541401273886,0.00013916167173383398
cumulative_frequency_alpha=1.0,2019,155,2019-01-02,2019-12-30,0.3301206082329961,0.09173600611278586,0.4774193548387097,0.009880366780924662,25.503225806451614,0.0005765030728591136
cumulative_frequency_alpha=1.0,2020,157,2020-01-01,2020-12-30,0.33009162743314474,0.09173014584452174,0.4585987261146497,0.008930830577274253,25.72547770700637,0.00054752227300775
cumulative_frequency_alpha=1.0,2021,156,2021-01-02,2021-12-29,0.3297564628951922,0.09166522299527573,0.5576923076923077,0.0029400625906624072,25.31602564102564,0.00021235773505523525
cumulative_frequency_alpha=1.0,2022,157,2022-01-01,2022-12-31,0.3295104306064775,0.0916239150897851,0.5732484076433121,0.00046592882047283524,24.363694267515925,-3.367455365949068e-05
cumulative_frequency_alpha=1.0,2023,156,2023-01-02,2023-12-30,0.329850014481567,0.09168401700550478,0.5448717948717948,0.006783012073724318,25.34294871794872,0.00030590932142998684
cumulative_frequency_alpha=1.0,2024,157,2024-01-01,2024-12-30,0.32994484459393636,0.09170196189286006,0.5095541401273885,0.007620785513914239,25.551592356687898,0.0004007394337993686
cumulative_frequency_alpha=1.0,2025,157,2025-01-01,2025-12-31,0.32992376387184924,0.09169763280634874,0.49044585987261147,0.009328834002320466,25.602547770700635,0.00037965871171224963
rolling_frequency_window=5_alpha=1.0,aggregate,1878,2014-01-01,2025-12-31,0.4137900422223149,0.10439708763323924,0.4989350372736954,0.09943806693962712,25.034877529286476,0.08424593706217792
rolling_frequency_window=5_alpha=1.0,2014,157,2014-01-01,2014-12-31,0.4122429840282081,0.10434774022265433,0.5159235668789809,0.09810668060282737,24.850955414012738,0.08269887886807109
rolling_frequency_window=5_alpha=1.0,2015,156,2015-01-03,2015-12-30,0.4150432165486299,0.104455230548525,0.4230769230769231,0.09997881936657445,25.298076923076923,0.08549911138849292
rolling_frequency_window=5_alpha=1.0,2016,157,2016-01-02,2016-12-31,0.42137483106289636,0.10549597021528834,0.4267515923566879,0.10413124043325896,25.898089171974522,0.09183072590275937
rolling_frequency_window=5_alpha=1.0,2017,156,2017-01-02,2017-12-30,0.41183863614336613,0.10410637305681038,0.5448717948717948,0.09870887130362346,24.717307692307692,0.08229453098322914
rolling_frequency_window=5_alpha=1.0,2018,157,2018-01-01,2018-12-31,0.4143760173612937,0.1042466382107243,0.535031847133758,0.10074623896094248,25.061146496815287,0.08483191220115671
rolling_frequency_window=5_alpha=1.0,2019,155,2019-01-02,2019-12-30,0.41218566970540244,0.10414716687640604,0.4967741935483871,0.0986237813097589,24.835483870967742,0.08264156454526544
rolling_frequency_window=5_alpha=1.0,2020,157,2020-01-01,2020-12-30,0.40913235619259114,0.1036905771451091,0.5286624203821656,0.09571471900862254,24.69872611464968,0.07958825103245415
rolling_frequency_window=5_alpha=1.0,2021,156,2021-01-02,2021-12-29,0.4112035000118735,0.10418631956532831,0.48717948717948717,0.0970954054044433,24.82051282051282,0.08165939485173651
rolling_frequency_window=5_alpha=1.0,2022,157,2022-01-01,2022-12-31,0.41200465483503845,0.10444162066230364,0.49044585987261147,0.09792540440067875,24.719108280254776,0.08246054967490146
rolling_frequency_window=5_alpha=1.0,2023,156,2023-01-02,2023-12-30,0.4195477351138488,0.10526923136252582,0.46794871794871795,0.10304289167262928,25.66923076923077,0.0900036299537118
rolling_frequency_window=5_alpha=1.0,2024,157,2024-01-01,2024-12-30,0.4129209686285013,0.10430441078897004,0.535031847133758,0.09909795193262538,24.84713375796178,0.08337686346836432
rolling_frequency_window=5_alpha=1.0,2025,157,2025-01-01,2025-12-31,0.41360525024564887,0.1040733204759871,0.535031847133758,0.10008126479501196,25.002547770700637,0.08406114508551188
rolling_frequency_window=10_alpha=1.0,aggregate,1878,2014-01-01,2025-12-31,0.3976073564945797,0.09917264095979689,0.5063897763578274,0.06348784304987325,25.006762513312033,0.06806325133444269
rolling_frequency_window=10_alpha=1.0,2014,157,2014-01-01,2014-12-31,0.39427836007475947,0.0991036156720596,0.49044585987261147,0.06066136793514186,24.645859872611464,0.06473425491462248
rolling_frequency_window=10_alpha=1.0,2015,156,2015-01-03,2015-12-30,0.3999785734306713,0.09952213172462313,0.4551282051282051,0.06421226975162835,25.460897435897436,0.07043446827053429
rolling_frequency_window=10_alpha=1.0,2016,157,2016-01-02,2016-12-31,0.4021505993098642,0.09952473479613182,0.42038216560509556,0.06596749520743506,25.712101910828025,0.0726064941497272
rolling_frequency_window=10_alpha=1.0,2017,156,2017-01-02,2017-12-30,0.39477661379078555,0.09890586487459004,0.5576923076923077,0.06211378514585512,24.56025641025641,0.06523250863064856
rolling_frequency_window=10_alpha=1.0,2018,157,2018-01-01,2018-12-31,0.4025410664953777,0.09962356887627122,0.5414012738853503,0.06729583576810184,25.340764331210192,0.0729969613352407
rolling_frequency_window=10_alpha=1.0,2019,155,2019-01-02,2019-12-30,0.3975776172020566,0.09906029778981056,0.5161290322580645,0.06397529865977152,24.905806451612904,0.0680335120419196
rolling_frequency_window=10_alpha=1.0,2020,157,2020-01-01,2020-12-30,0.39659539623335116,0.09897040452056735,0.535031847133758,0.06310727025291284,24.878980891719745,0.06705129107321417
rolling_frequency_window=10_alpha=1.0,2021,156,2021-01-02,2021-12-29,0.39642332563288246,0.09889937785511602,0.5641025641025641,0.06350452268819615,24.755769230769232,0.06687922047274547
rolling_frequency_window=10_alpha=1.0,2022,157,2022-01-01,2022-12-31,0.3965970942594557,0.09935070087240808,0.4012738853503185,0.06220675760702873,24.936942675159237,0.06705298909931873
rolling_frequency_window=10_alpha=1.0,2023,156,2023-01-02,2023-12-30,0.3976522990830198,0.09912209885705778,0.5128205128205128,0.06292104397060662,25.223717948717947,0.06810819392288281
rolling_frequency_window=10_alpha=1.0,2024,157,2024-01-01,2024-12-30,0.4030427072134321,0.09974388862600612,0.4840764331210191,0.06702862419562201,25.503184713375795,0.07349860205329511
rolling_frequency_window=10_alpha=1.0,2025,157,2025-01-01,2025-12-31,0.38966406410977034,0.09824204032127917,0.5987261146496815,0.05885841331794054,24.155414012738852,0.060119958949633345
rolling_frequency_window=25_alpha=1.0,aggregate,1878,2014-01-01,2025-12-31,0.3595880403629504,0.0950299484072225,0.503727369542066,0.04750930319816019,25.068051118210864,0.0300439352028134
rolling_frequency_window=25_alpha=1.0,2014,157,2014-01-01,2014-12-31,0.3566070340498741,0.0947774119481523,0.4585987261146497,0.04229415270992957,24.301910828025477,0.027062928889737103
rolling_frequency_window=25_alpha=1.0,2015,156,2015-01-03,2015-12-30,0.3617023228696873,0.09529661817817148,0.48717948717948717,0.05111405750562512,25.871794871794872,0.032158217709550296
rolling_frequency_window=25_alpha=1.0,2016,157,2016-01-02,2016-12-31,0.3625751273091397,0.09534466858736247,0.45222929936305734,0.04933862074862242,25.603821656050954,0.03303102214900272
rolling_frequency_window=25_alpha=1.0,2017,156,2017-01-02,2017-12-30,0.35933537005247246,0.09498736839723954,0.5448717948717948,0.04828937975383365,25.148717948717948,0.029791264892335467
rolling_frequency_window=25_alpha=1.0,2018,157,2018-01-01,2018-12-31,0.3582329422972238,0.09512622670867,0.535031847133758,0.046063813440463834,25.096178343949045,0.02868883713708681
rolling_frequency_window=25_alpha=1.0,2019,155,2019-01-02,2019-12-30,0.3581254203875261,0.09459390489058647,0.5225806451612903,0.0435370704720841,24.38193548387097,0.028581315227389104
rolling_frequency_window=25_alpha=1.0,2020,157,2020-01-01,2020-12-30,0.3614004830306522,0.09536274388366271,0.47770700636942676,0.047293498687158965,25.247133757961784,0.03185637787051521
rolling_frequency_window=25_alpha=1.0,2021,156,2021-01-02,2021-12-29,0.36165266840332216,0.0951274790614415,0.4423076923076923,0.04822550925937335,25.112179487179485,0.03210856324318517
rolling_frequency_window=25_alpha=1.0,2022,157,2022-01-01,2022-12-31,0.3585336783742536,0.09507046249667984,0.4585987261146497,0.04523225562760575,25.078980891719745,0.028989573214116604
rolling_frequency_window=25_alpha=1.0,2023,156,2023-01-02,2023-12-30,0.36106996765082533,0.09515147591553133,0.5512820512820513,0.05323882964609584,25.70448717948718,0.03152586249068834
rolling_frequency_window=25_alpha=1.0,2024,157,2024-01-01,2024-12-30,0.3569128386002044,0.0946801130127488,0.5286624203821656,0.044959423039681506,24.8,0.027368733440067405
rolling_frequency_window=25_alpha=1.0,2025,157,2025-01-01,2025-12-31,0.35892444615553376,0.09483817571018295,0.5859872611464968,0.05054341027674856,24.470700636942674,0.02938034099539677
rolling_frequency_window=50_alpha=1.0,aggregate,1878,2014-01-01,2025-12-31,0.34218129925034146,0.0935121227874085,0.5133120340788072,0.03413996491209119,25.330777422790202,0.012637194090204473
rolling_frequency_window=50_alpha=1.0,2014,157,2014-01-01,2014-12-31,0.3424925110532061,0.0934417927510299,0.535031847133758,0.03182200996868265,24.681528662420384,0.012948405893069115
rolling_frequency_window=50_alpha=1.0,2015,156,2015-01-03,2015-12-30,0.3417865507691683,0.0934295492034554,0.5961538461538461,0.038781289595901144,25.36730769230769,0.012242445609031316
rolling_frequency_window=50_alpha=1.0,2016,157,2016-01-02,2016-12-31,0.34087573869173066,0.093299760166796,0.4585987261146497,0.0299573358525784,25.35732484076433,0.011331633531593666
rolling_frequency_window=50_alpha=1.0,2017,156,2017-01-02,2017-12-30,0.342186668376299,0.09336969620242594,0.5,0.03340844448716168,25.166666666666668,0.012642563216162028
rolling_frequency_window=50_alpha=1.0,2018,157,2018-01-01,2018-12-31,0.34269584611674775,0.0937818313517081,0.4968152866242038,0.03951092981063477,25.812738853503184,0.013151740956610758
rolling_frequency_window=50_alpha=1.0,2019,155,2019-01-02,2019-12-30,0.3427039352706158,0.09351666882400511,0.5870967741935483,0.0314514745990562,25.043225806451613,0.013159830110478832
rolling_frequency_window=50_alpha=1.0,2020,157,2020-01-01,2020-12-30,0.3437923642620601,0.0937941255162829,0.4585987261146497,0.0332526615221677,25.850955414012738,0.014248259101923122
rolling_frequency_window=50_alpha=1.0,2021,156,2021-01-02,2021-12-29,0.34117396684551204,0.0934177797898076,0.5256410256410257,0.03552724072360498,25.132051282051282,0.011629861685375054
rolling_frequency_window=50_alpha=1.0,2022,157,2022-01-01,2022-12-31,0.3419354898745268,0.09359741888308633,0.4012738853503185,0.030248106001792383,25.549681528662422,0.01239138471438983
rolling_frequency_window=50_alpha=1.0,2023,156,2023-01-02,2023-12-30,0.3410062643356836,0.09340138308532389,0.5256410256410257,0.037131126652649546,25.587179487179487,0.011462159175546605
rolling_frequency_window=50_alpha=1.0,2024,157,2024-01-01,2024-12-30,0.3414843260066381,0.09346778041598475,0.4840764331210191,0.035167999345845184,25.135031847133757,0.011940220846501093
rolling_frequency_window=50_alpha=1.0,2025,157,2025-01-01,2025-12-31,0.3440322066335393,0.09362500578896145,0.5923566878980892,0.033439503449891606,25.28152866242038,0.014488101473402293
constrained_random,aggregate,1878,2014-01-01,2025-12-31,0.32954410516013694,0.09162848812994585,0.5228966986155484,0.0,25.0,-5.551115123125783e-17
constrained_random,2014,157,2014-01-01,2014-12-31,0.329544105160137,0.09162848812994584,0.5095541401273885,1.3877787807814457e-17,25.0,0.0
constrained_random,2015,156,2015-01-03,2015-12-30,0.329544105160137,0.09162848812994584,0.5064102564102564,2.7755575615628914e-17,25.0,0.0
constrained_random,2016,157,2016-01-02,2016-12-31,0.32954410516013694,0.09162848812994585,0.5159235668789809,1.3877787807814457e-17,25.0,-5.551115123125783e-17
constrained_random,2017,156,2017-01-02,2017-12-30,0.329544105160137,0.09162848812994584,0.4551282051282051,2.7755575615628914e-17,25.0,0.0
constrained_random,2018,157,2018-01-01,2018-12-31,0.329544105160137,0.09162848812994584,0.4713375796178344,1.3877787807814457e-17,25.0,0.0
constrained_random,2019,155,2019-01-02,2019-12-30,0.32954410516013694,0.09162848812994585,0.5161290322580645,2.7755575615628914e-17,25.0,-5.551115123125783e-17
constrained_random,2020,157,2020-01-01,2020-12-30,0.329544105160137,0.09162848812994585,0.49044585987261147,1.3877787807814457e-17,25.0,0.0
constrained_random,2021,156,2021-01-02,2021-12-29,0.329544105160137,0.09162848812994584,0.5448717948717948,2.7755575615628914e-17,25.0,0.0
constrained_random,2022,157,2022-01-01,2022-12-31,0.32954410516013694,0.09162848812994585,0.4968152866242038,1.3877787807814457e-17,25.0,-5.551115123125783e-17
constrained_random,2023,156,2023-01-02,2023-12-30,0.329544105160137,0.09162848812994584,0.5384615384615384,2.7755575615628914e-17,25.0,0.0
constrained_random,2024,157,2024-01-01,2024-12-30,0.329544105160137,0.09162848812994585,0.6369426751592356,1.3877787807814457e-17,25.0,0.0
constrained_random,2025,157,2025-01-01,2025-12-31,0.32954410516013694,0.09162848812994585,0.5923566878980892,1.3877787807814457e-17,25.0,-5.551115123125783e-17
dirichlet_multinomial_marginal_concentration=1.0_minimum_history=1_prior=uniform_5_over_49,aggregate,1878,2014-01-01,2025-12-31,0.329951523377674,0.0917026889628144,0.5250266240681576,0.007000915117387527,25.243503727369543,0.00040741821753703666
dirichlet_multinomial_marginal_concentration=1.0_minimum_history=1_prior=uniform_5_over_49,2014,157,2014-01-01,2014-12-31,0.3299709571360366,0.0917050270388438,0.535031847133758,0.006282811981066282,24.66815286624204,0.00042685197589958923
dirichlet_multinomial_marginal_concentration=1.0_minimum_history=1_prior=uniform_5_over_49,2015,156,2015-01-03,2015-12-30,0.33037466756706335,0.09178076128406765,0.5128205128205128,0.010368328025448783,25.351282051282052,0.0008305624069263606
dirichlet_multinomial_marginal_concentration=1.0_minimum_history=1_prior=uniform_5_over_49,2016,157,2016-01-02,2016-12-31,0.330141542786453,0.09173178077225315,0.554140127388535,0.007702969943779749,25.33312101910828,0.000597437626316033
dirichlet_multinomial_marginal_concentration=1.0_minimum_history=1_prior=uniform_5_over_49,2017,156,2017-01-02,2017-12-30,0.33005370509062454,0.09172113325308802,0.5384615384615384,0.008876476911274581,25.475,0.0005095999304875476
dirichlet_multinomial_marginal_concentration=1.0_minimum_history=1_prior=uniform_5_over_49,2018,157,2018-01-01,2018-12-31,0.3296832668318708,0.09165534506981791,0.5477707006369427,0.00580525426477582,24.695541401273886,0.00013916167173383398
dirichlet_multinomial_marginal_concentration=1.0_minimum_history=1_prior=uniform_5_over_49,2019,155,2019-01-02,2019-12-30,0.3301206082329961,0.09173600611278586,0.4774193548387097,0.009880366780924662,25.503225806451614,0.0005765030728591136
dirichlet_multinomial_marginal_concentration=1.0_minimum_history=1_prior=uniform_5_over_49,2020,157,2020-01-01,2020-12-30,0.33009162743314474,0.09173014584452174,0.4585987261146497,0.008930830577274253,25.72547770700637,0.00054752227300775
dirichlet_multinomial_marginal_concentration=1.0_minimum_history=1_prior=uniform_5_over_49,2021,156,2021-01-02,2021-12-29,0.3297564628951922,0.09166522299527573,0.5576923076923077,0.0029400625906624072,25.31602564102564,0.00021235773505523525
dirichlet_multinomial_marginal_concentration=1.0_minimum_history=1_prior=uniform_5_over_49,2022,157,2022-01-01,2022-12-31,0.3295104306064775,0.0916239150897851,0.5732484076433121,0.00046592882047283524,24.363694267515925,-3.367455365949068e-05
dirichlet_multinomial_marginal_concentration=1.0_minimum_history=1_prior=uniform_5_over_49,2023,156,2023-01-02,2023-12-30,0.329850014481567,0.09168401700550478,0.5448717948717948,0.006783012073724318,25.34294871794872,0.00030590932142998684
dirichlet_multinomial_marginal_concentration=1.0_minimum_history=1_prior=uniform_5_over_49,2024,157,2024-01-01,2024-12-30,0.32994484459393636,0.09170196189286006,0.5095541401273885,0.007620785513914239,25.551592356687898,0.0004007394337993686
dirichlet_multinomial_marginal_concentration=1.0_minimum_history=1_prior=uniform_5_over_49,2025,157,2025-01-01,2025-12-31,0.32992376387184924,0.09169763280634874,0.49044585987261147,0.009328834002320466,25.602547770700635,0.00037965871171224963
"logistic_regression_per_number_l2_lags=1,2,3_windows=5,10,25,50_C=1.0_penalty=l2_solver=liblinear_max_iter=1000_tol=0.0001_minimum_history=60_standardize=true_random_state=0",aggregate,1878,2014-01-01,2025-12-31,0.3323969686819639,0.09214396043456864,0.503727369542066,0.01685454090801682,25.029286474973375,0.0028528635218268983
"logistic_regression_per_number_l2_lags=1,2,3_windows=5,10,25,50_C=1.0_penalty=l2_solver=liblinear_max_iter=1000_tol=0.0001_minimum_history=60_standardize=true_random_state=0",2014,157,2014-01-01,2014-12-31,0.3356750106851103,0.09273824842486286,0.5159235668789809,0.02064588505831156,25.212738853503186,0.006130905524973307
"logistic_regression_per_number_l2_lags=1,2,3_windows=5,10,25,50_C=1.0_penalty=l2_solver=liblinear_max_iter=1000_tol=0.0001_minimum_history=60_standardize=true_random_state=0",2015,156,2015-01-03,2015-12-30,0.3351977158484974,0.09266238656798369,0.46794871794871795,0.025914978310957987,25.52051282051282,0.0056536106883604
"logistic_regression_per_number_l2_lags=1,2,3_windows=5,10,25,50_C=1.0_penalty=l2_solver=liblinear_max_iter=1000_tol=0.0001_minimum_history=60_standardize=true_random_state=0",2016,157,2016-01-02,2016-12-31,0.3333848757126662,0.09231509450050897,0.4968152866242038,0.019788325773937424,25.129936305732485,0.0038407705525291824
"logistic_regression_per_number_l2_lags=1,2,3_windows=5,10,25,50_C=1.0_penalty=l2_solver=liblinear_max_iter=1000_tol=0.0001_minimum_history=60_standardize=true_random_state=0",2017,156,2017-01-02,2017-12-30,0.333509431007251,0.09231488624676305,0.5064102564102564,0.01835693174727973,25.375641025641027,0.00396532584711401
"logistic_regression_per_number_l2_lags=1,2,3_windows=5,10,25,50_C=1.0_penalty=l2_solver=liblinear_max_iter=1000_tol=0.0001_minimum_history=60_standardize=true_random_state=0",2018,157,2018-01-01,2018-12-31,0.3319584681240798,0.09207903737172117,0.46496815286624205,0.015369452932280288,24.603821656050954,0.0024143629639428177
"logistic_regression_per_number_l2_lags=1,2,3_windows=5,10,25,50_C=1.0_penalty=l2_solver=liblinear_max_iter=1000_tol=0.0001_minimum_history=60_standardize=true_random_state=0",2019,155,2019-01-02,2019-12-30,0.3324020769231002,0.09215760378987062,0.5225806451612903,0.02255780163705524,25.565161290322582,0.0028579717629632073
"logistic_regression_per_number_l2_lags=1,2,3_windows=5,10,25,50_C=1.0_penalty=l2_solver=liblinear_max_iter=1000_tol=0.0001_minimum_history=60_standardize=true_random_state=0",2020,157,2020-01-01,2020-12-30,0.3314231535989093,0.09195112212087574,0.5286624203821656,0.012253877847601442,24.677707006369427,0.0018790484387722906
"logistic_regression_per_number_l2_lags=1,2,3_windows=5,10,25,50_C=1.0_penalty=l2_solver=liblinear_max_iter=1000_tol=0.0001_minimum_history=60_standardize=true_random_state=0",2021,156,2021-01-02,2021-12-29,0.332665350972267,0.09218130580845758,0.46153846153846156,0.02071862938264885,25.567948717948717,0.0031212458121300246
"logistic_regression_per_number_l2_lags=1,2,3_windows=5,10,25,50_C=1.0_penalty=l2_solver=liblinear_max_iter=1000_tol=0.0001_minimum_history=60_standardize=true_random_state=0",2022,157,2022-01-01,2022-12-31,0.33119499505024635,0.09193015705667867,0.5286624203821656,0.01468469329529979,25.05732484076433,0.0016508898901093638
"logistic_regression_per_number_l2_lags=1,2,3_windows=5,10,25,50_C=1.0_penalty=l2_solver=liblinear_max_iter=1000_tol=0.0001_minimum_history=60_standardize=true_random_state=0",2023,156,2023-01-02,2023-12-30,0.3311307108875825,0.09192506738146665,0.5,0.014500698532206337,25.035897435897436,0.0015866057274455114
"logistic_regression_per_number_l2_lags=1,2,3_windows=5,10,25,50_C=1.0_penalty=l2_solver=liblinear_max_iter=1000_tol=0.0001_minimum_history=60_standardize=true_random_state=0",2024,157,2024-01-01,2024-12-30,0.33116598580146195,0.09193225833695172,0.4713375796178344,0.01382024655691138,25.178343949044585,0.0016218806413249576
"logistic_regression_per_number_l2_lags=1,2,3_windows=5,10,25,50_C=1.0_penalty=l2_solver=liblinear_max_iter=1000_tol=0.0001_minimum_history=60_standardize=true_random_state=0",2025,157,2025-01-01,2025-12-31,0.32907448365182124,0.0915437658314664,0.5796178343949044,0.004148500266288286,23.44203821656051,-0.000469621508315754
"discrete_time_hazard_per_number_recurrent_bins=0,1,2,3,4,8,16,32_prior_mean=0.10204081632653061_prior_strength=10.0_minimum_history=60_age=elapsed_since_last_minus_one_left=exclude_before_first_right=count_observed_exposures_only_never_observed=reject_empty_bin=beta_prior_only",aggregate,1878,2014-01-01,2025-12-31,0.3318743736409395,0.09205155326973581,0.5015974440894568,0.01636058073271788,25.150638977635783,0.002330268480802533
"discrete_time_hazard_per_number_recurrent_bins=0,1,2,3,4,8,16,32_prior_mean=0.10204081632653061_prior_strength=10.0_minimum_history=60_age=elapsed_since_last_minus_one_left=exclude_before_first_right=count_observed_exposures_only_never_observed=reject_empty_bin=beta_prior_only",2014,157,2014-01-01,2014-12-31,0.3342875541705303,0.09245001806210723,0.5095541401273885,0.027361144633627096,25.452229299363058,0.004743449010393308
"discrete_time_hazard_per_number_recurrent_bins=0,1,2,3,4,8,16,32_prior_mean=0.10204081632653061_prior_strength=10.0_minimum_history=60_age=elapsed_since_last_minus_one_left=exclude_before_first_right=count_observed_exposures_only_never_observed=reject_empty_bin=beta_prior_only",2015,156,2015-01-03,2015-12-30,0.33388851402354,0.09244999606475958,0.4166666666666667,0.021555268432918658,25.69102564102564,0.004344408863402982
"discrete_time_hazard_per_number_recurrent_bins=0,1,2,3,4,8,16,32_prior_mean=0.10204081632653061_prior_strength=10.0_minimum_history=60_age=elapsed_since_last_minus_one_left=exclude_before_first_right=count_observed_exposures_only_never_observed=reject_empty_bin=beta_prior_only",2016,157,2016-01-02,2016-12-31,0.3334479664896418,0.09229920865579894,0.5159235668789809,0.02214173282706351,25.628025477707006,0.003903861329504821
"discrete_time_hazard_per_number_recurrent_bins=0,1,2,3,4,8,16,32_prior_mean=0.10204081632653061_prior_strength=10.0_minimum_history=60_age=elapsed_since_last_minus_one_left=exclude_before_first_right=count_observed_exposures_only_never_observed=reject_empty_bin=beta_prior_only",2017,156,2017-01-02,2017-12-30,0.33218761033372957,0.09210431476327291,0.48717948717948717,0.013105257726333577,24.637820512820515,0.002643505173592575
"discrete_time_hazard_per_number_recurrent_bins=0,1,2,3,4,8,16,32_prior_mean=0.10204081632653061_prior_strength=10.0_minimum_history=60_age=elapsed_since_last_minus_one_left=exclude_before_first_right=count_observed_exposures_only_never_observed=reject_empty_bin=beta_prior_only",2018,157,2018-01-01,2018-12-31,0.3314649888310941,0.0919945900800473,0.5159235668789809,0.020414209665774025,25.097452229299364,0.0019208836709571075
"discrete_time_hazard_per_number_recurrent_bins=0,1,2,3,4,8,16,32_prior_mean=0.10204081632653061_prior_strength=10.0_minimum_history=60_age=elapsed_since_last_minus_one_left=exclude_before_first_right=count_observed_exposures_only_never_observed=reject_empty_bin=beta_prior_only",2019,155,2019-01-02,2019-12-30,0.3320816186614184,0.09209067880285852,0.4838709677419355,0.02106044467715741,25.58774193548387,0.0025375135012813965
"discrete_time_hazard_per_number_recurrent_bins=0,1,2,3,4,8,16,32_prior_mean=0.10204081632653061_prior_strength=10.0_minimum_history=60_age=elapsed_since_last_minus_one_left=exclude_before_first_right=count_observed_exposures_only_never_observed=reject_empty_bin=beta_prior_only",2020,157,2020-01-01,2020-12-30,0.3315791869931148,0.09197170407241217,0.49044585987261147,0.011549798662931567,24.863694267515925,0.002035081832977792
"discrete_time_hazard_per_number_recurrent_bins=0,1,2,3,4,8,16,32_prior_mean=0.10204081632653061_prior_strength=10.0_minimum_history=60_age=elapsed_since_last_minus_one_left=exclude_before_first_right=count_observed_exposures_only_never_observed=reject_empty_bin=beta_prior_only",2021,156,2021-01-02,2021-12-29,0.331107894876273,0.09190631769348642,0.5384615384615384,0.01748429214958169,25.394871794871793,0.0015637897161360215
"discrete_time_hazard_per_number_recurrent_bins=0,1,2,3,4,8,16,32_prior_mean=0.10204081632653061_prior_strength=10.0_minimum_history=60_age=elapsed_since_last_minus_one_left=exclude_before_first_right=count_observed_exposures_only_never_observed=reject_empty_bin=beta_prior_only",2022,157,2022-01-01,2022-12-31,0.33055599562641286,0.0918549724077192,0.4840764331210191,0.011659217500725589,24.960509554140128,0.0010118904662758665
"discrete_time_hazard_per_number_recurrent_bins=0,1,2,3,4,8,16,32_prior_mean=0.10204081632653061_prior_strength=10.0_minimum_history=60_age=elapsed_since_last_minus_one_left=exclude_before_first_right=count_observed_exposures_only_never_observed=reject_empty_bin=beta_prior_only",2023,156,2023-01-02,2023-12-30,0.33036558711675656,0.0918092318513736,0.48717948717948717,0.008741918996521578,24.656410256410258,0.0008214819566195741
"discrete_time_hazard_per_number_recurrent_bins=0,1,2,3,4,8,16,32_prior_mean=0.10204081632653061_prior_strength=10.0_minimum_history=60_age=elapsed_since_last_minus_one_left=exclude_before_first_right=count_observed_exposures_only_never_observed=reject_empty_bin=beta_prior_only",2024,157,2024-01-01,2024-12-30,0.3314099627848157,0.09195980420058095,0.5286624203821656,0.014163456182191454,25.31528662420382,0.001865857624678724
"discrete_time_hazard_per_number_recurrent_bins=0,1,2,3,4,8,16,32_prior_mean=0.10204081632653061_prior_strength=10.0_minimum_history=60_age=elapsed_since_last_minus_one_left=exclude_before_first_right=count_observed_exposures_only_never_observed=reject_empty_bin=beta_prior_only",2025,157,2025-01-01,2025-12-31,0.33011857577010983,0.09172870639362429,0.5605095541401274,0.007121081747109047,24.52675159235669,0.0005744706099728436
